Taxonomy	Name	id	A	T	C	G	N	length	A:T %	C:G %
family	Asteraceae	NC_023337.1	82615.0	82762.0	68222.0	67346.0	0.0	300945.0	54.95	45.05
family	Asteraceae	NC_034354.1	76660.0	76382.0	62300.0	62376.0	0.0	277718.0	55.11	44.89
family	Asteraceae	NC_039757.1	58140.0	57154.0	47450.0	48258.0	0.0	211002.0	54.64	45.36
family	Asteraceae	NC_042378.1	99306.0	99227.0	82320.0	82475.0	0.0	363328.0	54.64	45.36
family	Asteraceae	NC_042406.1	100782.0	101025.0	82534.0	83928.0	0.0	368269.0	54.8	45.2
family	Asteraceae	NC_042756.1	99312.0	99227.0	82312.0	82473.0	0.0	363324.0	54.65	45.35
family	Asteraceae	NC_051989.1	74949.0	75334.0	61301.0	61959.0	0.0	273543.0	54.94	45.06
family	Asteraceae	NC_051990.1	76999.0	76551.0	63926.0	63580.0	0.0	281056.0	54.63	45.37
family	Asteraceae	NC_053927.1	60191.0	59537.0	50148.0	49322.0	0.0	219198.0	54.62	45.38
family	Asteraceae	NC_058584.1	76914.0	77095.0	63907.0	63259.0	0.0	281175.0	54.77	45.23
family	Asteraceae	NC_058585.1	76677.0	77440.0	63788.0	63382.0	0.0	281287.0	54.79	45.21
family	Asteraceae	NC_058643.1	85882.0	84690.0	70897.0	71140.0	0.0	312609.0	54.56	45.44
family	Asteraceae	NC_058644.1	85882.0	84703.0	70887.0	71126.0	0.0	312598.0	54.57	45.43
family	Brassicaceae	NC_008285.1	60611.0	60996.0	50410.0	49836.0	0.0	221853.0	54.81	45.19
family	Brassicaceae	NC_016118.1	99282.0	98150.0	82416.0	80423.0	0.0	360271.0	54.8	45.2
family	Brassicaceae	NC_016120.1	63652.0	63321.0	52323.0	52945.0	0.0	232241.0	54.67	45.33
family	Brassicaceae	NC_016123.1	60326.0	60026.0	50361.0	49053.0	0.0	219766.0	54.76	45.24
family	Brassicaceae	NC_018551.1	71113.0	70469.0	58539.0	58305.0	0.0	258426.0	54.79	45.21
family	Brassicaceae	NC_029182.1	63714.0	63380.0	52324.0	52989.0	0.0	232407.0	54.69	45.31
family	Brassicaceae	NC_031896.1	66734.0	64734.0	53857.0	54699.0	0.0	240024.0	54.77	45.23
family	Brassicaceae	NC_037070.1	89510.0	88415.0	72438.0	72796.0	0.0	323159.0	55.06	44.94
family	Brassicaceae	NC_037304.1	102130.0	100929.0	82530.0	82219.0	0.0	367808.0	55.21	44.79
family	Brassicaceae	NC_042143.1	74771.0	74796.0	60785.0	61249.0	0.0	271601.0	55.07	44.93
family	Brassicaceae	NC_042883.1	79692.0	79136.0	64203.0	64374.0	0.0	287405.0	55.26	44.74
family	Brassicaceae	NC_049892.1	60351.0	59961.0	50370.0	49054.0	0.0	219736.0	54.75	45.25
family	Fabaceae	NC_015121.1	110248.0	109999.0	90798.0	90217.0	0.0	401262.0	54.89	45.11
family	Fabaceae	NC_016742.1	116747.0	117385.0	96159.0	95427.0	0.0	425718.0	55.0	45.0
family	Fabaceae	NC_016743.2	104188.0	103781.0	86639.0	86253.0	0.0	380861.0	54.6	45.4
family	Fabaceae	NC_020455.1	110241.0	111042.0	90600.0	90675.0	0.0	402558.0	54.97	45.03
family	Fabaceae	NC_029641.1	73899.0	74433.0	61419.0	61867.0	0.0	271618.0	54.61	45.39
family	Fabaceae	NC_038053.1	155261.0	155063.0	126769.0	129496.0	0.0	566589.0	54.77	45.23
family	Fabaceae	NC_038221.1	122092.0	121787.0	101619.0	101608.0	0.0	447106.0	54.55	45.45
family	Fabaceae	NC_039596.1	132279.0	132263.0	110471.0	109903.0	0.0	484916.0	54.55	45.45
family	Fabaceae	NC_039660.1	136362.0	135824.0	101053.0	102157.0	0.0	475396.0	57.25	42.75
family	Fabaceae	NC_039738.1	198666.0	199041.0	162353.0	161949.0	0.0	722009.0	55.08	44.92
family	Fabaceae	NC_039768.1	110202.0	111082.0	90615.0	90646.0	0.0	402545.0	54.97	45.03
family	Fabaceae	NC_040998.1	191633.0	191895.0	156946.0	157664.0	0.0	698138.0	54.94	45.06
family	Fabaceae	NC_043897.1	136321.0	136256.0	111149.0	110643.0	0.0	494369.0	55.14	44.86
family	Fabaceae	NC_045038.1	164532.0	167261.0	137960.0	137529.0	0.0	607282.0	54.64	45.36
family	Fabaceae	NC_045039.1	163928.0	165850.0	136416.0	135380.0	0.0	601574.0	54.82	45.18
family	Fabaceae	NC_045040.1	172945.0	174536.0	142213.0	141400.0	0.0	631094.0	55.06	44.94
family	Fabaceae	NC_045135.1	108245.0	108838.0	88608.0	89825.0	0.0	395516.0	54.89	45.11
family	Fabaceae	NC_046466.1	92733.0	92389.0	76734.0	77496.0	0.0	339352.0	54.55	45.45
family	Fabaceae	NC_048499.1	83058.0	82329.0	67757.0	68679.0	0.0	301823.0	54.8	45.2
family	Fabaceae	NC_048500.1	96437.0	95409.0	77757.0	79121.0	0.0	348724.0	55.01	44.99
family	Fabaceae	NC_048501.1	95800.0	95142.0	77930.0	78851.0	0.0	347723.0	54.91	45.09
family	Fabaceae	NC_048502.1	81503.0	81066.0	65760.0	66582.0	0.0	294911.0	55.12	44.88
family	Fabaceae	NC_053919.1	126959.0	127267.0	104870.0	104773.0	0.0	463869.0	54.81	45.19
family	Fabaceae	NC_058235.1	162550.0	162637.0	134935.0	133999.0	0.0	594121.0	54.73	45.27
family	Malvaceae	NC_027406.1	184049.0	183822.0	149923.0	150790.0	0.0	668584.0	55.02	44.98
family	Malvaceae	NC_027407.1	183234.0	183239.0	149403.0	150205.0	0.0	666081.0	55.02	44.98
family	Malvaceae	NC_028254.1	186380.0	186362.0	153033.0	151659.0	0.0	677434.0	55.02	44.98
family	Malvaceae	NC_029998.1	186100.0	186107.0	152638.0	151233.0	0.0	676078.0	55.05	44.95
family	Malvaceae	NC_031359.1	565922.0	564408.0	434600.0	434665.0	7.0	1999602.0	56.53	43.47
family	Malvaceae	NC_031360.1	521676.0	523788.0	391089.0	392774.0	14.0	1829341.0	57.15	42.85
family	Malvaceae	NC_035073.1	189897.0	188600.0	154473.0	154512.0	0.0	687482.0	55.06	44.94
family	Malvaceae	NC_035074.1	177247.0	177695.0	144134.0	145319.0	0.0	644395.0	55.08	44.92
family	Malvaceae	NC_035075.1	177160.0	177591.0	144186.0	145374.0	0.0	644311.0	55.06	44.94
family	Malvaceae	NC_035076.1	177292.0	177685.0	144144.0	145339.0	0.0	644460.0	55.08	44.92
family	Malvaceae	NC_035549.1	156515.0	157439.0	128222.0	127739.0	0.0	569915.0	55.09	44.91
family	Malvaceae	NC_038052.1	162362.0	164220.0	134237.0	133571.0	0.0	594390.0	54.94	45.06
family	Orthotrichaceae	NC_024517.1	31485.0	31489.0	20029.0	21603.0	2.0	104608.0	60.2	39.8
family	Orthotrichaceae	NC_024522.1	31332.0	31317.0	19942.0	21540.0	0.0	104131.0	60.16	39.84
family	Orthotrichaceae	NC_026121.1	31540.0	31550.0	20047.0	21610.0	0.0	104747.0	60.23	39.77
family	Orthotrichaceae	NC_029355.1	31516.0	31506.0	19998.0	21604.0	0.0	104624.0	60.24	39.76
family	Orthotrichaceae	NC_029356.1	31546.0	31547.0	20024.0	21627.0	0.0	104744.0	60.24	39.76
family	Orthotrichaceae	NC_031389.1	31528.0	31546.0	20037.0	21625.0	0.0	104736.0	60.22	39.78
family	Orthotrichaceae	NC_031390.1	31545.0	31556.0	20035.0	21649.0	0.0	104785.0	60.22	39.78
family	Orthotrichaceae	NC_031391.1	31539.0	31561.0	19958.0	21580.0	0.0	104638.0	60.3	39.7
family	Orthotrichaceae	NC_031392.1	31449.0	31352.0	19996.0	21555.0	0.0	104352.0	60.18	39.82
family	Orthotrichaceae	NC_031393.1	31477.0	31495.0	20044.0	21620.0	0.0	104636.0	60.18	39.82
family	Orthotrichaceae	NC_031394.1	31506.0	31535.0	20022.0	21608.0	0.0	104671.0	60.23	39.77
family	Orthotrichaceae	NC_031767.1	31532.0	31554.0	19947.0	21570.0	0.0	104603.0	60.31	39.69
family	Orthotrichaceae	NC_031846.1	31329.0	31166.0	19531.0	21072.0	0.0	103098.0	60.62	39.38
family	Orthotrichaceae	NC_034907.1	31446.0	31345.0	19996.0	21558.0	0.0	104345.0	60.18	39.82
family	Poaceae	NC_008331.1	159936.0	160119.0	125348.0	124951.0	0.0	570354.0	56.12	43.88
family	Poaceae	NC_008333.1	151388.0	151016.0	118363.0	118601.0	0.0	539368.0	56.07	43.93
family	Poaceae	NC_008360.1	131480.0	132231.0	103224.0	101693.0	0.0	468628.0	56.27	43.73
family	Poaceae	NC_008362.1	197433.0	197390.0	154945.0	154332.0	0.0	704100.0	56.07	43.93
family	Poaceae	NC_013816.1	156352.0	156504.0	123207.0	122982.0	0.0	559045.0	55.96	44.04
family	Poaceae	NC_029816.1	144080.0	144089.0	113457.0	113371.0	25.0	515022.0	55.95	44.04
family	Poaceae	NC_031164.1	84338.0	84265.0	66003.0	66178.0	0.0	300784.0	56.05	43.95
family	Poaceae	NC_036024.1	126113.0	125711.0	100158.0	100544.0	0.0	452526.0	55.65	44.35
family	Poaceae	NC_040989.1	147156.0	148086.0	112918.0	112531.0	0.0	520691.0	56.7	43.3
family	Poaceae	NC_056367.1	155519.0	155546.0	120607.0	119950.0	0.0	551622.0	56.39	43.61
family	Salicaceae	NC_028096.1	216356.0	216529.0	175197.0	175360.0	0.0	783442.0	55.25	44.75
family	Salicaceae	NC_028329.1	216382.0	216543.0	175210.0	175378.0	0.0	783513.0	55.25	44.75
family	Salicaceae	NC_029317.1	176766.0	177780.0	143986.0	145905.0	0.0	644437.0	55.02	44.98
family	Salicaceae	NC_029693.1	163167.0	166640.0	134742.0	134421.0	0.0	598970.0	55.06	44.94
family	Salicaceae	NC_035157.1	214739.0	215310.0	174722.0	174590.0	0.0	779361.0	55.18	44.82
family	Salicaceae	NC_046754.1	175631.0	175690.0	143862.0	142695.0	15.0	637893.0	55.08	44.92
family	Salicaceae	NC_052708.1	202390.0	203412.0	165383.0	163976.0	12.0	735173.0	55.2	44.8
family	Salicaceae	NC_052709.1	154245.0	155169.0	125988.0	127509.0	9.0	562920.0	54.97	45.03
family	Salicaceae	NC_058733.1	166835.0	168559.0	137439.0	136150.0	0.0	608983.0	55.07	44.93
family	Salicaceae	NC_058734.1	196516.0	195977.0	159747.0	159182.0	0.0	711422.0	55.17	44.83
family	Solanaceae	NC_006581.1	119360.0	117645.0	96241.0	97349.0	2.0	430597.0	55.04	44.96
family	Solanaceae	NC_024624.1	142872.0	140901.0	113666.0	114091.0	0.0	511530.0	55.48	44.52
family	Solanaceae	NC_026515.1	137230.0	137639.0	113234.0	113298.0	0.0	501401.0	54.82	45.18
family	Solanaceae	NC_029805.1	119358.0	117642.0	96245.0	97352.0	0.0	430597.0	55.04	44.96
family	Solanaceae	NC_035963.1	122886.0	122262.0	100607.0	100502.0	0.0	446257.0	54.93	45.07
family	Solanaceae	NC_035964.1	115821.0	117206.0	95763.0	94806.0	0.0	423596.0	55.01	44.99
family	Solanaceae	NC_036467.1	108586.0	108105.0	88061.0	89589.0	0.0	394341.0	54.95	45.05
family	Solanaceae	NC_044153.1	188967.0	188990.0	155037.0	151863.0	0.0	684857.0	55.19	44.81
family	Solanaceae	NC_050334.1	134737.0	133309.0	107791.0	106506.0	0.0	482343.0	55.57	44.43
family	Solanaceae	NC_050335.1	156376.0	157124.0	126319.0	126876.0	0.0	566695.0	55.32	44.68
genus	Ulva	NC_028081.1	21365.0	20233.0	9666.0	10350.0	0.0	61614.0	67.51	32.49
genus	Ulva	NC_028538.1	21875.0	20288.0	10289.0	11393.0	0.0	63845.0	66.04	33.96
genus	Ulva	NC_029701.1	24329.0	22007.0	11608.0	12914.0	0.0	70858.0	65.39	34.61
genus	Ulva	NC_035722.1	23430.0	21041.0	11822.0	13040.0	0.0	69333.0	64.14	35.86
genus	Ulva	NC_035809.1	24171.0	22935.0	11593.0	12846.0	0.0	71545.0	65.84	34.16
genus	Ulva	NC_040163.1	21870.0	20384.0	10428.0	11461.0	0.0	64143.0	65.87	34.13
genus	Ulva	NC_041082.1	20402.0	18980.0	11148.0	11947.0	0.0	62477.0	63.03	36.97
genus	Ulva	NC_053253.1	23224.0	22362.0	10478.0	11435.0	7.0	67506.0	67.53	32.46
genus	Ulva	NC_053254.1	19052.0	18222.0	8978.0	9561.0	1.0	55814.0	66.78	33.22
genus	Ulva	NC_053255.1	22223.0	21097.0	10617.0	11835.0	0.0	65772.0	65.86	34.14
genus	Ulva	NC_053628.1	21935.0	20011.0	10719.0	11801.0	0.0	64466.0	65.07	34.93
genus	Ulva	NC_053629.1	19931.0	18037.0	9938.0	10837.0	283.0	59026.0	64.32	35.2
genus	Ulva	NC_053630.1	23021.0	21721.0	10344.0	11657.0	0.0	66743.0	67.04	32.96
genus	Ulva	NC_053631.1	27675.0	26093.0	12252.0	13703.0	0.0	79723.0	67.44	32.56
genus	Ulva	NC_053632.1	30533.0	28292.0	14090.0	15403.0	0.0	88318.0	66.61	33.39
genus	Ulva	NC_053633.1	29566.0	26526.0	15126.0	17004.0	194.0	88416.0	63.44	36.34
genus	Ulva	NC_058886.1	22761.0	21625.0	11444.0	12309.0	0.0	68139.0	65.14	34.86
order	Chlamydomonadales	NC_001638.1	4353.0	4282.0	3523.0	3600.0	0.0	15758.0	54.8	45.2
order	Chlamydomonadales	NC_001872.1	7571.0	7402.0	3372.0	4552.0	0.0	22897.0	65.39	34.61
order	Chlamydomonadales	NC_010357.1	2530.0	3034.0	3695.0	3739.0	0.0	12998.0	42.81	57.19
order	Chlamydomonadales	NC_012930.1	8794.0	9785.0	4610.0	5142.0	0.0	28331.0	65.58	34.42
order	Chlamydomonadales	NC_020437.1	4136.0	5661.0	2817.0	3379.0	0.0	15993.0	61.26	38.74
order	Chlamydomonadales	NC_021108.1	6595.0	6038.0	3822.0	3920.0	0.0	20375.0	62.0	38.0
order	Chlamydomonadales	NC_023091.1	7957.0	7936.0	4233.0	4244.0	0.0	24370.0	65.22	34.78
order	Chlamydomonadales	NC_026571.1	11844.0	12484.0	11274.0	10378.0	0.0	45980.0	52.91	47.09
order	Chlamydomonadales	NC_026572.1	3502.0	4336.0	4955.0	4618.0	0.0	17411.0	45.02	54.98
order	Chlamydomonadales	NC_026573.1	3787.0	4776.0	2710.0	2756.0	0.0	14029.0	61.04	38.96
order	Chlamydomonadales	NC_033969.1	9044.0	9253.0	6327.0	6252.0	0.0	30876.0	59.26	40.74
order	Chlamydomonadales	NC_044670.1	30546.0	30091.0	31635.0	32332.0	0.0	124604.0	48.66	51.34
order	Chlamydomonadales	NC_053575.1	5364.0	5317.0	4269.0	4369.0	0.0	19319.0	55.29	44.71
order	Rosales	NC_018554.1	108379.0	108303.0	90755.0	89415.0	95.0	396947.0	54.59	45.39
order	Rosales	NC_029809.1	99774.0	100079.0	83715.0	81622.0	0.0	365190.0	54.73	45.27
order	Rosales	NC_029855.1	112110.0	114085.0	94744.0	94663.0	0.0	415602.0	54.43	45.57
order	Rosales	NC_041177.1	97590.0	99163.0	82342.0	82973.0	1.0	362069.0	54.34	45.66
order	Rosales	NC_044768.1	106127.0	105805.0	88970.0	88807.0	0.0	389709.0	54.38	45.62
order	Rosales	NC_045228.1	118699.0	118727.0	99442.0	98112.0	0.0	434980.0	54.58	45.42
order	Rosales	NC_052879.1	105531.0	105967.0	87552.0	87700.0	8.0	386758.0	54.68	45.31
order	Rosales	NC_052880.1	104804.0	105444.0	86849.0	87880.0	0.0	384977.0	54.61	45.39
order	Rosales	NC_054332.1	129202.0	127920.0	106350.0	106456.0	0.0	469928.0	54.72	45.28
order	Rosales	NC_057524.1	75256.0	75421.0	63005.0	61461.0	0.0	275143.0	54.76	45.24
order	Sphaeropleales	NC_002254.1	13080.0	14193.0	6830.0	8669.0	9.0	42781.0	63.75	36.23
order	Sphaeropleales	NC_024755.1	12966.0	11964.0	11893.0	10335.0	0.0	47158.0	52.86	47.14
order	Sphaeropleales	NC_024756.1	12510.0	13218.0	9294.0	10153.0	0.0	45175.0	56.95	43.05
order	Sphaeropleales	NC_024757.1	11791.0	12131.0	7084.0	7400.0	0.0	38406.0	62.29	37.71
order	Sphaeropleales	NC_024758.1	13720.0	15420.0	7013.0	8687.0	0.0	44840.0	64.99	35.01
order	Sphaeropleales	NC_024760.1	6530.0	7813.0	5087.0	5719.0	0.0	25149.0	57.03	42.97
order	Sphaeropleales	NC_024761.1	12358.0	12591.0	6318.0	6754.0	0.0	38021.0	65.62	34.38
order	Sphaeropleales	NC_024762.1	16984.0	16784.0	7562.0	8375.0	0.0	49705.0	67.94	32.06
order	Sphaeropleales	NC_024763.1	12171.0	12520.0	9031.0	9412.0	0.0	43134.0	57.24	42.76
order	Sphaeropleales	NC_036659.1	9567.0	9499.0	6502.0	6627.0	0.0	32195.0	59.22	40.78
order	Sphaeropleales	NC_051461.1	12711.0	12971.0	7295.0	8071.0	0.0	41048.0	62.57	37.43
